First Name, Email Address
willy.lindell@telia.com
emillarssons@hotmail.com
smed8686@gmail.com
markusfroberg@hotmail.com
jocke308@gmail.com
ristevski95@hotmail.com
Pofuxgard@hotmail.se
bergfeldt@live.se
bootsjohan@gmail.com
pia.widerberg@hotmail.se
andreas_jorm@Hotmail.com
valtercorneliusen@gmail.com
joakim.karlsson@telia.com
Ingemar.marten@hotmail.se
hitta_se@hotmail.com
axelsson.michael@gmail.com
rombing13@gmail.com
nicke.mia@hotmail.com
r.sten70@gmail.com
limpan.bertilsson@hotmail.com
shahin.shahraki@gmail.com
jessicasvahn77@gmail.com
albinsvahn@icloud.com
pellesandstrom@hotmail.com
jaegerdigs@gmail.com
evalenavi@outlook.com
note32069@gmail.com
brimari61@outlook.com
f.patrik@hotmail.se
emil.fridolfsson@outlook.com
micke.e@outlook.com
cjhybe@gmail.com
sebastian.tedenryd@gmail.com
e.nevala@hotmail.com
sunesagare@gmail.com
anki86@live.com
benganfatboy@gmail.com
henkesjogren@gmail.com
magnusnilsson222@gmail.com
andreaslundgren0991@gmail.com
stefan@noralunda.com
hans_lofdahl@hotmail.com
oistein.solberg@gmail.com
petbroab@gmail.com
bazyl.ofm@gmail.com
peterbberntsson@gmail.com
magnus.k.andersson2@gmail.com
espen.rod.ny@gmail.com
kentrickard172@gmail.com
sn.sandernorshus@gmail.com
timjan09@telia.com
josefinjonsson95@hotmail.se
emma-eng@hotmail.com
1215sundberg@hotmail.se
nnielsenn@gmail.com
bjorn_mikael@hotmail.com
erik.chrissopoulos@gmail.com
950sektm@gmail.com
michel@lcservice.se
arne.assarsson@telia.com
kristian4399@gmail.com
malm.markus@gmail.com
paul.sandberg@live.com
Mats_jansson@outlook.com
peterklippandanielsson@outlook.com
kentonsbjer@hotmail.com
tommy.pitea@gmail.com
Jonas.lovik@gmail.com
lucas.jk.eriksson@gmail.com
lars.a.eskedal@gmail.com
christerottinger@me.com
melinniklas@hotmail.com
rasmus_annelund@hotmail.com
orm@vendelkraka.se
Artour2020@Outlook.de
hans.harju@outlook.com
gknyborg@gmail.com
marie.l.arvidsson@gmail.com
victor.theandersson@gmail.com
nilssonfrida86@gmail.com
vivarrud@gmail.com
tobiaslundholm@hotmail.com
andersali2@gmail.com
je9586@gmail.com
stefan.tjernstrom@gmail.com
mattias.wennstig@gmail.com
Anders.e.hult@gmail.com
hamzalatif9045@gmail.com
nicklas.nilsson44@gmail.com
kjell@grantek.se
christian.neumann@mfn.berlin
elisabethnilsson@telia.com
albinv02@icloud.com
linnearagntoft@gmail.com
juharaappana1957@gmail.com
anlarsson65@gmail.com
joel.engstrom-hallin@outlook.com
elnalinnarsson76@gmail.com
knot66@telia.com
sara.jensholm@gmail.com
ch.l0970@gmail.com
asoderlundh@me.com
mats@sjolander.st
f.hoppstadius@gmail.com
andreas@engagarden.se
erilinnea@gmail.com
mats@lineage.se
medilloguiljr@gmail.com
tkstorvoll@gmail.com
peturvals@gmail.com
hedberg94@hotmail.com
axmar17.1@gmail.com
bo.andersson@hotmail.no
mjcj@telia.com
katarina_bath@hotmail.com
anneli.nilsson@drivkraftgladje.se
mikael_stensson88@hotmail.se
smkjenstad@hotmail.com
matsolofgoran@gmail.com
erik.nordqvist02@gmail.com
patriq@mac.com
Davidg88ustavsson@hotmail.se
tommy@thgvvs.se
gjems@naturogeiendom.no
antonfredriksson1998@gmail.com
zorn@sjurseth.net
stinabergsten75@gmail.com
bijedic_6@hotmail.com
felix.holmqvist@live.se
janne@originalarna.se
malinwijk@hotmail.com
lpersson928@yahoo.com
mia.lind@live.se
marko.saynajakangas@icloud.com
klandernas@gmail.com
mattias.lonn@telia.com
karinkristensson@live.se
danjarv@hotmail.se
m.sikhammar@hotmail.com
macklund@hotmail.com
crille.torvan@hotmail.com
frida.c.persson@gmail.com
bilalzhd0@gmail.com
kopperudeivind5@gmail.com
broddn@hotmail.com
suanne.vedum@telia.com
mats.lebrun@hotmail.com
becirovic.ferhat@gmail.com
christoffer@schmiterlow.se
kim@independent.hk
anders@cramler.se
pal.cromberger@gmail.com
henke.lr89@gmail.com
emni92@hotmail.com
bika1003@hotmail.com
tuva@mytting.com
anders.aspholm@gmail.com
ernstmartinj@gmail.com
frida.gezelius@gmail.com
torun.karlsson63@gmail.com
hanna.kunina@gmail.com
nrickarderlandsson@gmail.com
maijakilpelainen@gmail.com
mchampe98@hotmail.com
louise.dahlberg@gmail.com
carolinevarsaga@gmail.com
kurtsjoberg48@gmail.com
emmyb99@hotmail.com
andeon66@gmail.com
tinastenholm@icloud.com
andreas.nordbrandt@norraskog.se
sikakerstin@gmail.com
bigdude@bahnhof.se
sarabengtlars@gmail.com
mail.hasselbacken@gmail.com
anders.bengtsson@flextend.se
patrikha1@hotmail.com
minna.olovsson.01@gmail.com
g.brandemyr@gmail.com
lindaeklof@yahoo.se
frida.wennerstrand@gmail.com
jokks750@gmail.com
Filip.roempke@gmail.com
paulinaekberg@gmail.com
saterlonn@hotmail.com
mia.gothberg@gmail.com
lukas.rauchwarter@gmail.com
annsofi.a.ljung@gmail.com
allsarp7@gmail.com
tomas.jarhog@gmail.com
christina.m.forsgren@gmail.com
hansbostromhallen@gmail.com
martin6800@hotmail.com
erlendschoning@hotmail.com
ferdinanna@yahoo.se
kruzze@live.se
mormor.knutsson@gmail.com
neskvern81@yahoo.no
filipnordstrom93@gmail.com
krusbarret@hotmail.com
bosse@banum.se
idalarsson7@icloud.com
ingrid.hemsing@outlook.com
westen.birger@telia.com
erik_brekke@outlook.com
larshenry.larsson@telia.com
karin.skanoy@gmail.com
michaelkrook@gmail.com
jessica@redall.se
anders.hasselstrand@gmail.com
krihe@live.no
einar.nasman@gmail.com
stepet18@gmail.com
synsilk@hotmail.com
emma.ekern@hotmail.com
93.jonaz.nilsson@gmail.com
a_aggeklint@hotmail.com
valpvalp@yahoo.com
marklund73@gmail.com
hj.olsson64@gmail.com
torbjornnordenson@hotmail.com
iselinnyg@hotmail.com
tove.tyseng@gmail.com
bieatt@live.se
bewaldsson@hotmail.com
kjosson@gmail.com
mannepetersson87@gmail.com
sandrabergheim@hotmail.no
holmqvistulf201@gmail.com
kartorp5@gmail.com
nikolaisimon@gmail.com
akos.horvath.se@gmail.com
CARIN@CARINDASILVA.SE
marlon.wolfe@outlook.com
martin75gustafsson@gmail.com
thomascjonsson@gmail.com
ronny@sunwest.se
hedevik@gmail.com
andreas.aronzon@gmail.com
jorgen.eriksson111@gmail.com
patric.hedberg@protonmail.com
tomas.m.hermann@gmail.com
anngerd.naverlo@gmail.com
tradfortjust@gmail.com
ivaralexander394@gmail.com
backthomaslarsson@outlook.com
pesbjrnsson@gmail.com
lindahaller74@gmail.com
per.speleman@hotmail.com
robert@madmarketing.se
patricnordin@gmail.com
simon.aman97@outlook.com
gastar5@hotmail.com
zorre71@gmail.com
e.jakobsson@gmail.com
jl.byggare.ab@telia.com
ervasti.pauliina@gmail.com
hakan.siggelin@telia.com
jsaterberg@hotmail.com
mats_hallfors@hotmail.com
sippasven@gmail.com
erik_rindborg@hotmail.com
lotta.asker@friluftsframjandet.se
fredde.modig@gmail.com
hans.petter.dahlslett@dnv.com
gunnar.wastle@gmail.com
eda08@hotmail.se
sumpen11@gmail.com
Hjalmar183@gmail.com
anjalis145@gmail.com
Kristofer.doos@gmail.com
siggebo202@telia.com
anli7609@gmail.com
alf.stridh@telia.com
Leif@stargift.se
isak.isaksson72@gmail.com
jennie.bjarkby@gmail.com
fredrik.fjo@gmail.com
ib.lund@privat.dk
albin.back@bahnhof.se
henrikengelundjensen@outlook.com
kho@linnefors.se
chriklasdrever@outlook.com
pettersenbjorn@outlook.com
b.nordstrom@argo-hytos.com
to.grubb@hotmail.com
ricardo.brown79@gmail.com
cecilia.b.sunnerud@gmail.com
edvin.rex@hotmail.com
matilda@lindstaf.se
ruph@online.no
hanna.mallberg@hotmail.com
rickard.berggren@bygdea.se
clas.ekman@gmail.com
stina@ranchlife.se
rollllle@hotmail.com
mw0706869370@gmail.com
daniel.a@eldstenen.se
lennart.henrysson@telia.com
berglundnilsemil@gmail.com
jimmyjohansson.m@gmail.com
gorand@bredband2.com
kungslax@msn.com
tomas.eklof@nykoping.se
timjohansson567@gmail.com
irja57@hotmail.com
geting_a@hotmail.com
kjell.knuts@telia.com
info@kanbage.se
niklas.v68@gmail.com
christianpersson29@gmail.com
nilsson974@hotmail.com
sofia.hedlund@shkiropraktik.se
magnus.kagevik@telia.com
natpel.np@gmail.com
gustafsson2004@yahoo.se
hallerstrom1@gmail.com
jennifermattsson79@gmail.com
limaglas.se@icloud.com
urnasdalen@gmail.com
urban.martinsson@live.se
kjell.inger.j@hotmail.com
krsveen@hotmail.com
cederblad70@gmail.com
viking.selven@gmail.com
fredrik.bergstrom2316@gmail.com
thomas.bartzner@gmail.com
n.tollesson@gmail.com
linus.gullberg@anticimex.se
iggander@gmail.com
o.hakansson@hotmail.com
sisselbraseth@gmail.com
tessa@blomkvist.me
tuvull@yahoo.se
ralphbucher1967@gmail.com
fornby8@hotmail.com
danielrising@hotmail.com
s.bjormsjo@gmail.com
Magnus.saterberg@skanska.se
tobias_harstedt@hotmail.com
erika.kuusiniemi@gmail.com
jarmo_koski@hotmail.com
victorpege@hotmail.com
torgil.svensson@gmail.com
par.waxnas@protonmail.com
ulf.lowe@telia.com
andreasaronson@hotmail.com
micael.andersson@kuratorn.se
Erik.Jaktstugan@outlook.com
tobbe_pekka@hotmail.com
eijabrandelius@gmail.com
d.granlund@hotmail.com
johanssonhenrik99@hotmail.com
morten_hogli@hotmail.com
stefan.nordstrom54@outlook.com
nathalie_lindblad_@hotmail.com
eirik.-02@hotmail.com
andreasnorlen23@gmail.com
lovisasmedman@yahoo.se
stenalbinjonsson@gmail.com
joel.frodin@gmail.com
sakoblackbear93@gmail.com
markus_langum@hotmail.com
mariuslloken@gmail.com
Daniel_Lilja@hotmail.com
helvinsson@gmail.com
birgittaaronsson1955@gmail.com
leif.lundgren@gislavedshus.se
g_wasa@hotmail.com
lindalie111@gmail.com
mafb@hotmail.se
s.hellstadius@gmail.com
tisakjan@hotmail.com
Andreasbarling@live.se
stellan.palmgren@outlook.com
piaforen@icloud.com
mika@sundholm.org
david.jonsson1@ncc.se
pennywise.umea@gmail.com
lu-larsson@hotmail.com
amanda_hov99@hotmail.com
artbylilja046@gmail.com
pauloek64@gmail.com
magnus_falk@outlook.com
nicklas.levine@gmail.com
irene.steffen@hotmail.no
jonathan_marat86@hotmail.com
martinocilla@icloud.com
mida62@hotmail.com
oyvindsorli1@gmail.com
chrille_nr5@hotmail.com
niclas@heaab.se
andreas@milsta.com
jockeliden87@gmail.com
ole.m.carlsen@gmail.com
borje.amren@gmail.com
larven690@gmail.com
oonaheske@gmail.com
maria.lannlundin@gmail.com
installasjon.karl.tore@gmail.com
mariushagen3748@gmail.com
jocke@malarmek.se
Elias.myren@hotmail.se
jsc@indi.dk
oyvind.dunsad@hotmail.com
ida_rosell@hotmail.com
n-snorth@online.no
pia.nilsson1@hotmail.com
karl.viktor.berglund@gmail.com
samuel.janzon@gmail.com
eriksjolander@gmail.com
orjan-storhaug@hotmail.com
marinadahlberg@live.com
a.thunberg@samsung.com
orjanwestlund@telia.com
erik.fredrikssonsplat@gmail.com
terje.egge@yahoo.com
marten@appcorn.se
kateadori@gmail.com
evelina.hofstedt@gmail.com
michaeltrollsaas@hotmail.com
evalena.e@gmail.com
krutov02@hotmail.com
melker@gsab.nu
erikblomme@yahoo.se
alexander.jaderblom@gmail.com
Jakobbahho@gmail.com
maria.tiljogard@icloud.com
nilshaugen51@gmail.com
ostenh@gmail.com
cajsa59malm@gmail.com
koppelman.jonathan@gmail.com
feffefeffe01@gmail.com
torole@norwegianseals.no
tage.liljekvist@nordplat.se
pers.skaldjur@gmail.com
ingemar.parck@gmail.com
torsteinkrok@gmail.com
rm@broelektro.no
arvid.bergivalje@gmail.com
lekomberg1@gmail.com
andreas.olofsson@skanditra.com
mikael.eriksson.no@gmail.com
lindell.maria5@gmail.com
Svenolofl@hotmail.com
mr_jonsson@hotmail.com
stein.strommen@gmail.com
hanggard@hotmail.com
davidkristensson1979@gmail.com
sigge.p@live.se
ubhenriksson@gmail.com
tomas.ladas@skekraft.se
a98johda@gmail.com
erik@orrkvist.com
ullaelisabeth47@gmail.com
ulf.nordlof@jaktservice.se
pg.sergmo@gmail.com
cbg.berg@gmail.com
annie.nevala@hotmail.com
anders@rackstad.se
jonas.klaren@gmail.com
pbergstrand@hotmail.com
noatransab@gmail.com
lisau@hotmail.se
idaoior@hotmail.com
ostenfjagers@gmail.com
rasmus.pettersson92@gmail.com
askog55@gmail.com
Snickarn71@gmail.com
NiklasWirro@gmail.com
sigurdhauge84@gmail.com
le0060@hotmail.com
richard_andersson87@hotmail.com
torpeldaling1@gmail.com
aenfors@gmail.com
svenerikhammas@outlook.com
t-kul@outlook.com
lars.good59@gmail.com
camy.berglund@gmail.com
per.eivind.odden@gmail.com
wiklundjonathan@live.se
maria.gardlund@gmail.com
tobias.steen@karlssonsror.se
marcusfaren92@gmail.com
lundqvistgosta@gmail.com
jonasryen@gmail.com
axel@broander.se
elluj11@hotmail.com
vegard.undersaker@hotmail.com
jimarkerud@gmail.com
nasslander@gmail.com
alex.lindstrom@gmail.com
pro_ponta_95@hotmail.com
jan.billberg@live.se
Kerberoz19361@gmail.com
stigtomas.aslund@gmail.com
klabbe.a@telia.com
borjessonjohannes20@gmail.com
tomasersa@gmail.com
john.u.henriksson.23@gmail.com
me_bekkis@hotmail.com
casper_lunde@hotmail.com
edvin.aronsson28@gmail.com
rw.interscriptura@telia.com
erikisakssonalfred@gmail.com
johanlindblom@live.se
frodeframnes@hotmail.com
johan.brekke@hotmail.com
daniel.stattin@jur.uu.se
goranlar@telia.com
andyeklund.ae@gmail.com
andersigullsby@gmail.com
annelie925@hotmail.com
holmberg021777@gmail.com
guranm@gmail.com
Zetterlund_8@hotmail.com
david.wallsten@gmail.com
areback.bygg@hotmail.com
measen20@gmail.com
leifstrom@hotmail.com
ludvig.snygg@gmail.com
sidenbladh@mac.com
Kristofferrapp@hotmail.com
marko.koskelainen@hotmail.com
jonlien2@online.no
ulvanjr@hotmail.com
peterolof.po@gmail.com
annagreta.svanberg@brinet.nu
oliver.jokkmokk@gmail.com
johan.ingelsson@live.com
tormidthus@gmail.com
eirikskjervoe@gmail.com
lars.e.persson53@gmail.com
urszikhan@yahoo.com
rebecca483@hotmail.com
marcuslitz@hotmail.com
danfre@hotmail.com
tobias.p@telia.com
magnus.kald@live.se
slljsved@gmail.com
anneli.hogstrom@gmail.com